"date","google.influenza","google.influenza virus","google.grippe","google.grippe influenza","google.influenza rki","google.rki","google.influenza impfung","google.symptome influenza","google.hämophilus influenza","google.inkubationszeit","google.influenza inkubationszeit","google.influenza 2013","google.influenza 2015","google.haemophilus influenza","google.influenza impfung pferd","google.influenza a virus","google.influenza impfstoff","google.influenza 2012","google.influenza viren","google.grippewelle","google.influenza h1n1","google.schweinegrippe","google.h1n1","google.was ist influenza","google.influenza dauer","google.influenza wie lange ansteckend","google.influenza grippe","google.virus influenza","google.rki influenza","google.influenza symptome","google.symptome","google.inkubationszeit influenza","google.influenza 2016","google.influenza ansteckend","google.influenza ansteckung","google.erkältung","news.influenza","NA"
2010-08-01,4,8.5,3,0,3.7,21.5,29.9,0,31.8,18.1,0,0,0,50.3,55.4,0,17.6,0,0,0,46.5,4.4,54.5,0,0,0,0,7.8,3.9,0,54.7,0,0,0,0,8.1,0,0
2010-08-08,4,9.3,4,0,3.7,27.6,0,4.9,0,18.1,0,0,0,48.6,0,31.9,0,0,0,0,0,6.5,35.8,0,0,0,0,8.5,3.9,4.9,56.7,0,0,0,0,10.1,0,0
2010-08-15,6.1,5.4,4,7,3.7,43,18.1,0,0,21.1,0,0,0,48.6,54.3,0,17.2,0,0,0,0,4.4,42,0,0,0,7,5,3.9,0,58.6,0,0,0,0,12.1,13.5,13.5
2010-08-22,7.1,12.4,4,0,3.7,33.8,34.5,0,0,18.1,0,0,0,46.9,52.1,30.3,0,0,41.9,1,110.6,6.5,48.3,28.1,0,0,0,11.3,3.9,0,60.6,0,0,0,0,14.1,0,0
2010-08-29,8.1,5.4,5,3,3.7,30.7,17.2,0,0,18.1,0,0,0,0,0,31.1,0,0,0,1,0,4.4,38.9,0,0,0,3,5,3.9,0,56.7,0,0,0,0,22.2,0,0
2010-09-05,7.1,8.5,5,3,3.7,27.6,25.4,9.7,0,18.1,0,0,0,95.5,0,30.3,0,0,41.9,1,0,6.5,32.7,0,0,0,3,7.8,3.9,10.7,58.6,0,0,0,0,25.2,0,0
2010-09-12,8.1,5.4,7,10.1,0,30.7,33.5,0,0,21.1,5.6,0,0,0,103.1,0,16.5,0,0,1,44,8.7,59.2,0,14.3,0,10.1,5,0,0,58.6,5.2,0,0,0,27.2,13.5,13.5
2010-09-19,5.1,5.4,7,3,0,30.7,28.1,0,0,21.1,0,0,0,46.9,51,0,0,0,41.1,2,44,8.7,52.9,0,0,0,3,5,0,0,58.6,0,0,0,0,28.2,0,0
2010-09-26,9.1,12.4,8,6,3.7,33.8,32.6,0,58.1,18.1,0,0,0,45.1,49.9,0,21.5,0,0,1,42.7,4.4,40.5,0,13.7,0,6,11.3,3.9,0,58.6,0,0,0,0,28.2,0,0
2010-10-03,8.1,12.4,7,3,3.7,24.6,58.9,4.9,0,24.1,0,0,0,46.9,52.1,30.3,16.5,0,0,1,65.4,4.4,46.7,0,0,0,3,11.3,3.9,4.9,60.6,0,0,0,0,24.2,13.5,13.5
2010-10-10,7.1,8.5,6,3,3.7,27.6,33.5,4.9,0,18.1,5.6,0,0,46.9,0,45,16.5,0,0,1,65.4,4.4,48.3,0,0,0,3,7.8,3.9,4.9,56.7,5.2,0,0,0,24.2,0,0
2010-10-17,7.1,10.1,7,10.1,3.7,30.7,38.1,0,0,21.1,0,0,0,45.1,0,0,16.1,0,39.5,1,64.1,6.5,48.3,0,0,0,10.1,9.2,3.9,4.9,60.6,0,0,0,0,20.1,0,0
2010-10-24,6.1,7,8,10.1,3.7,30.7,31.7,9.7,28.6,18.1,0,0,0,112.8,0,0,23.9,0,39.5,1,41.5,6.5,29.6,0,0,0,10.1,6.4,3.9,9.7,60.6,0,0,0,17.6,20.1,0,0
2010-10-31,7.1,16.3,6,6,3.7,27.6,48.1,4.9,28.6,21.1,0,0,0,90.3,0,38.5,0,0,0,0,125.7,4.4,43.6,0,0,0,6,14.9,3.9,4.9,58.6,0,0,0,0,19.1,0,0
2010-11-07,7.1,14.7,7,0,6.5,30.7,36.3,4.9,0,21.1,0,0,0,86.8,0,0,15.7,0,0,0,60.3,4.4,37.4,0,0,0,0,13.4,6.9,4.9,62.6,0,0,0,0,19.1,0,0
2010-11-14,6.1,4.7,7,3,2.8,30.7,26.3,0,27,27.2,0,0,0,66,0,0,30.6,0,0,1,40.2,4.4,26.5,0,0,0,3,4.2,2.9,0,62.6,0,0,0,0,18.1,0,0
2010-11-21,8.1,14.7,8,3,6.5,30.7,15.4,4.9,27,27.2,0,0,0,43.4,0,0,15.3,0,75.7,1,80.4,4.4,20.2,0,0,0,3,13.4,6.9,4.9,58.6,0,0,0,0,22.2,0,0
2010-11-28,6.1,13.2,8,3,2.8,27.6,0,4.9,0,21.1,0,0,0,0,0,27.8,15.7,0,0,1,40.2,6.5,28,0,0,0,3,12,2.9,4.9,52.8,0,0,0,0,23.2,12.5,12.5
2010-12-05,6.1,9.3,8,0,6.5,24.6,23.6,4.9,0,24.1,0,0,0,43.4,0,0,0,0,37.8,0,40.2,4.4,24.9,0,0,0,0,8.5,6.9,4.9,54.7,0,4.6,0,0,24.2,0,0
2010-12-12,8.1,14.7,10,9,0,27.6,0,4.9,0,21.1,4.9,0,0,43.4,0,0,0,0,37.8,1,40.2,6.5,29.6,0,0,0,9,13.4,0,4.9,54.7,4.5,0,0,0,22.2,0,0
2010-12-19,6.1,5.4,10,0,7.5,18.4,24.5,4.9,0,24.1,11.8,0,0,50.3,0,0,18,0,44.4,1,118.2,15.2,29.6,30.3,0,0,0,5,7.9,5.8,50.8,11,0,23.3,19.9,25.2,0,0
2010-12-26,7.1,11.6,11,4,7.5,15.4,0,5.8,33.4,30.2,6.3,0,0,0,0,0,18.4,0,0,2,98,13.1,31.1,0,15.6,0,4,10.6,7.9,5.8,60.6,5.8,0,15.9,0,33.2,0,0
2011-01-02,14.2,3.9,20.1,26.1,15.8,39.9,52.6,13.6,0,36.2,6.3,0,0,72.9,0,34.4,12.9,0,63.3,4,33.9,217.5,155.7,21.6,11.1,0,26.1,3.5,16.7,15.6,89.9,5.8,0,11.2,14.5,37.3,20.2,20.2
2011-01-09,16.2,18.6,19.1,12.1,17.7,43,49,17.5,28.6,45.3,11.8,0,0,50.3,36.6,32.7,12.1,0,29.6,3,79.2,139.2,133.9,0,10.4,0,12.1,17,18.7,14.6,89.9,11,0,10.3,0,28.2,0,0
2011-01-16,15.2,17.8,19.1,6,11.2,46.1,57.1,23.3,32.6,42.3,6.3,0,0,34.7,37.7,22.1,12.1,0,29.6,2,62.8,108.8,116.8,20.2,10.4,9.6,6,16.3,11.8,20.4,89.9,5.8,0,10.3,0,26.2,9.6,9.6
2011-01-23,15.2,10.1,19.1,11.1,11.2,39.9,48.1,19.4,31.8,57.3,10.4,0,0,34.7,73.2,43.4,23.9,13.8,59.2,4,46.5,93.5,101.2,49.7,9.8,9.6,11.1,9.2,11.8,15.6,89.9,9.7,0,10.3,0,31.2,9.6,9.6
2011-01-30,23.2,9.3,21.1,21.1,4.7,36.8,52.6,27.2,41.4,57.3,17.4,0,0,33,0,0,11.4,0,57.6,5,60.3,128.3,109,28.8,9.8,9.6,21.1,8.5,4.9,23.4,89.9,16.2,0,13.1,25.2,35.2,9.6,9.6
2011-02-06,19.2,14.7,23.1,14.1,14.9,39.9,44.4,23.3,42.9,54.3,10.4,0,0,45.1,36.6,36,18,0,0,5,94.3,119.6,105.9,20.2,13.7,0,14.1,13.4,15.7,24.3,93.8,9.7,0,10.3,26.8,35.2,0,0
2011-02-13,19.2,14.7,20.1,8,14.9,43,36.3,8.7,42.9,48.3,16,0,0,34.7,36.6,43.4,0,0,45.2,4,95.5,76.1,85.6,60.5,20.2,0,8,13.4,15.7,10.7,88,14.9,0,10.3,17.6,31.2,9.6,9.6
2011-02-20,13.1,7.8,18.1,10.1,18.6,36.8,16.3,6.8,42.9,42.3,18.8,0,0,57.3,36.6,32.7,23.9,0,0,3,79.2,58.7,65.4,0,10.4,0,10.1,7.1,19.7,8.8,84.1,17.4,0,20.5,0,33.2,19.3,19.3
2011-02-27,14.2,10.1,16.1,11.1,11.2,36.8,25.4,16.5,43.7,42.3,4.2,0,0,173.6,0,0,12.1,0,30.4,3,32.7,43.5,34.3,41.1,10.4,0,11.1,9.2,11.8,13.6,84.1,3.9,0,21.4,13.8,30.2,0,0
2011-03-06,10.1,10.1,17.1,5,6.5,30.7,31.7,5.8,44.5,42.3,4.2,0,0,69.4,38.8,22.1,0,0,61.7,2,32.7,37,43.6,0,13.7,10.4,5,9.2,6.9,4.9,82.1,3.9,0,0,0,33.2,0,0
2011-03-13,12.1,15.5,14,13.1,4.7,33.8,18.1,12.6,43.7,48.3,13.9,0,0,69.4,37.7,32.7,12.1,0,30.4,2,64.1,26.1,29.6,20.2,0,0,13.1,14.2,4.9,10.7,84.1,12.9,0,10.3,0,30.2,0,0
2011-03-20,10.1,9.3,11,2,3.7,33.8,19,5.8,44.5,36.2,4.2,0,0,34.7,38.8,0,12.5,0,0,1,0,15.2,28,0,0,0,2,8.5,3.9,4.9,82.1,3.9,0,0,13.8,25.2,0,0
2011-03-27,9.1,15.5,10,5,2.8,30.7,38.1,7.8,34.2,36.2,4.2,0,0,53.8,0,22.9,0,0,0,1,33.9,13.1,20.2,0,0,0,5,14.2,2.9,11.7,80.1,3.9,0,0,13.8,22.2,0,0
2011-04-03,7.1,10.9,8,4,5.6,30.7,12.7,3.9,30.2,36.2,8.3,0,0,53.8,38.8,22.9,12.9,0,46.9,1,0,10.9,14,20.9,10.4,0,4,9.9,5.9,3.9,80.1,7.8,0,0,0,19.1,0,0
2011-04-10,4,10.9,7,5,2.8,33.8,12.7,5.8,34.2,27.2,0,0,0,71.2,38.8,45.8,0,0,31.3,1,0,8.7,10.9,0,10.4,10.4,5,9.9,2.9,4.9,78.2,0,0,0,13.8,18.1,0,0
2011-04-17,3,4.7,7,6,0,27.6,14.5,3.9,25.5,30.2,0,0,0,39.9,44.3,0,14.5,0,0,0,37.7,8.7,9.3,0,12.4,0,6,4.2,0,3.9,74.3,0,0,0,0,20.1,11.6,11.6
2011-04-24,4,7,6,3,2.8,21.5,13.6,7.8,0,27.2,0,0,0,38.2,63.2,36.8,0,0,0,1,0,6.5,12.5,0,0,0,3,6.4,2.9,7.8,72.3,0,0,0,0,14.1,0,0
2011-05-01,4,3.9,6,5,2.8,30.7,26.3,0,79.5,24.1,0,0,0,0,39.9,0,12.9,0,31.3,0,33.9,6.5,10.9,21.6,0,0,5,3.5,2.9,0,78.2,0,0,0,13.8,15.1,0,0
2011-05-08,4,6.2,5,2,5.6,30.7,17.2,5.8,33.4,33.2,4.2,0,0,36.5,0,0,12.5,0,0,0,0,10.9,10.9,0,0,0,2,5.7,5.9,6.8,76.2,3.9,0,0,0,11.1,0,0
2011-05-15,4,6.2,6,0,2.8,36.8,19,0,0,33.2,0,0,0,34.7,38.8,0,12.5,0,31.3,0,0,15.2,10.9,20.9,10.4,0,0,5.7,2.9,3.9,80.1,0,0,0,0,13.1,0,0
2011-05-22,5.1,11.6,10,2,5.6,300.9,12.7,7.8,37.4,301.8,4.2,0,0,34.7,38.8,0,12.5,0,77.3,2,32.7,17.4,20.2,20.9,0,0,2,10.6,5.9,7.8,146.6,3.9,0,0,0,15.1,9.6,9.6
2011-05-29,5.1,17.1,8,5,0,307,0,0,37.4,217.3,0,0,0,59,42.1,24.6,13.7,0,0,1,36.5,17.4,28,0,0,0,5,15.6,0,3.9,195.5,0,0,0,0,15.1,0,0
2011-06-05,5.1,6.2,6,10.1,0,236.4,38.1,0,44.5,129.8,0,0,0,46.9,38.8,22.1,0,0,31.3,1,0,13.1,31.1,0,0,0,10.1,5.7,0,0,129,0,0,0,0,12.1,0,0
2011-06-12,3,12.4,5,3,2.8,95.2,0,0,46.9,48.3,0,0,0,0,0,23.7,12.9,0,32.9,0,33.9,6.5,17.1,0,0,0,3,11.3,2.9,0,97.7,0,0,0,14.5,14.1,0,0
2011-06-19,3,3.9,4,0,2.8,79.8,12.7,3.9,22.3,30.2,0,0,0,53.8,38.8,0,0,0,46.9,0,0,4.4,10.9,0,0,0,0,3.5,2.9,3.9,91.9,0,0,0,0,15.1,0,0
2011-06-26,3,0,4,5,2.8,67.5,34.5,0,45.3,27.2,0,0,0,36.5,38.8,0,12.5,0,0,0,0,4.4,12.5,0,0,0,5,0,2.9,0,91.9,0,0,0,13.8,14.1,0,0
2011-07-03,3,11.6,5,0,2.8,55.3,19,3.9,45.3,33.2,0,0,0,36.5,0,0,0,0,0,0,33.9,2.2,12.5,21.6,10.4,0,0,10.6,2.9,3.9,89.9,0,0,0,0,15.1,10.6,10.6
2011-07-10,4,7.8,4,5,2.8,49.1,25.4,0,22.3,27.2,4.2,0,0,36.5,38.8,34.4,12.5,0,46.9,1,0,2.2,10.9,0,0,0,5,7.1,2.9,0,91.9,3.9,0,0,0,14.1,0,0
2011-07-17,3,7.8,3,0,2.8,39.9,0,0,22.3,27.2,0,0,0,71.2,0,22.1,12.5,0,0,0,65.4,2.2,7.8,0,0,0,0,7.1,2.9,0,88,0,0,0,0,14.1,0,0
2011-07-24,3,10.1,4,3,2.8,33.8,29.9,3.9,0,24.1,0,0,0,0,0,22.9,0,0,0,0,0,2.2,4.7,0,10.4,0,3,9.2,2.9,3.9,86,0,0,0,0,16.1,9.6,9.6
2011-07-31,2,10.9,4,0,0,33.8,13.6,0,23.1,21.1,0,0,0,0,0,23.7,0,0,32.9,0,0,2.2,7.8,0,0,0,0,9.9,0,0,89.9,0,0,0,0,15.1,0,0
2011-08-07,3,6.2,5,5,0,30.7,19,0,33.4,21.1,0,4,0,0,38.8,22.1,0,0,0,0,0,2.2,6.2,20.9,10.4,0,5,5.7,0,0,88,0,0,0,0,14.1,0,0
2011-08-14,4,8.5,3,3,0,30.7,26.3,0,46.9,24.1,0,0,0,36.5,0,0,12.9,0,0,0,0,4.4,12.5,0,0,0,3,7.8,0,0,89.9,0,0,0,0,13.1,0,0
2011-08-21,3,7.8,5,0,0,30.7,25.4,0,22.3,21.1,0,0,0,36.5,0,0,0,0,31.3,0,0,2.2,6.2,0,0,0,0,7.1,0,0,89.9,0,0,0,0,12.1,0,0
2011-08-28,5.1,7.8,5,3,2.8,30.7,34.5,0,30.2,21.1,0,0,0,0,39.9,0,12.9,0,32.1,1,0,2.2,9.3,21.6,0,0,3,7.1,2.9,0,89.9,0,0,0,0,18.1,0,0
2011-09-04,4,7.8,5,5,2.8,27.6,29,0,36.6,27.2,4.2,0,0,34.7,0,22.1,18.4,0,30.4,0,32.7,2.2,9.3,20.2,0,0,5,7.1,2.9,0,93.8,3.9,0,0,13,19.1,0,0
2011-09-11,4,6.2,7,7,2.8,33.8,30.8,5.8,21.5,27.2,4.2,0,0,34.7,37.7,22.1,12.1,0,0,0,31.4,4.4,12.5,0,0,0,7,5.7,2.9,5.8,89.9,3.9,0,0,0,23.2,0,0
2011-09-18,5.1,7.8,8,2,2.8,36.8,24.5,3.9,21.5,27.2,0,0,0,34.7,75.4,0,12.1,0,30.4,1,64.1,4.4,10.9,20.2,0,0,2,7.1,2.9,3.9,91.9,0,0,0,0,30.2,0,0
2011-09-25,5.1,7.8,9,4,0,30.7,38.1,3.9,37.4,27.2,0,0,0,34.7,0,22.9,25.1,0,0,1,0,4.4,10.9,0,0,0,4,7.1,0,3.9,95.8,0,0,0,0,31.2,0,0
2011-10-02,6.1,9.3,8,4,3.7,27.6,50.8,0,33.4,21.1,0,0,0,105.9,38.8,22.9,0,0,31.3,1,0,2.2,15.6,0,0,0,4,8.5,3.9,3.9,91.9,0,0,0,0,34.2,0,0
2011-10-09,6.1,5.4,11,7,2.8,36.8,23.6,8.7,42.2,27.2,0,0,0,50.3,36.6,0,23.5,13.8,29.6,1,31.4,6.5,21.8,19.5,0,0,7,5,2.9,8.8,80.1,0,0,0,0,37.3,0,0
2011-10-16,6.1,6.2,10,2,2.8,33.8,52.6,3.9,42.2,33.2,4.2,0,0,0,73.2,42.6,23.9,0,29.6,1,31.4,4.4,14,0,0,0,2,5.7,2.9,5.8,56.7,3.9,0,0,0,41.3,0,0
2011-10-23,6.1,7,10,14.1,2.8,27.6,58.9,10.7,27.8,27.2,4.2,0,0,33,35.5,21.3,0,13.8,0,1,0,4.4,10.9,0,0,0,14.1,6.4,2.9,10.7,54.7,3.9,0,10.3,0,38.3,0,0
2011-10-30,5.1,7,10,5,2.8,33.8,39.9,6.8,31.8,30.2,0,0,0,33,36.6,0,11.8,28.5,0,1,0,4.4,18.7,19.5,0,9.6,5,6.4,2.9,6.8,52.8,0,0,0,0,34.2,9.6,9.6
2011-11-06,7.1,8.5,11,3,3.7,36.8,38.1,6.8,60.4,30.2,0,0,0,33,35.5,0,11.4,13.8,28,1,0,4.4,6.2,0,0,0,3,7.8,3.9,6.8,54.7,0,0,9.3,0,34.2,0,0
2011-11-13,4,10.9,11,4,3.7,39.9,46.2,2.9,20.7,27.2,0,0,0,48.6,0,0,11.4,0,0,1,30.2,4.4,7.8,0,0,0,4,9.9,3.9,3.9,54.7,0,0,0,0,37.3,0,0
2011-11-20,7.1,13.2,11,5,4.7,33.8,17.2,0,20.7,27.2,0,0,0,64.2,35.5,20.5,11.4,13.8,0,1,0,2.2,10.9,18.7,0,0,5,12,4.9,0,52.8,0,0,0,0,36.2,0,0
2011-11-27,6.1,9.3,12,6,3.7,39.9,22.7,2.9,19.9,30.2,3.5,0,0,0,34.4,20.5,11.4,13.8,28,0,30.2,6.5,14,0,0,0,6,8.5,3.9,3.9,52.8,3.2,0,0,0,35.2,18.3,18.3
2011-12-04,5.1,10.1,12,3,1.9,33.8,33.5,2.9,19.9,36.2,0,0,0,62.5,34.4,19.6,11,0,0,1,0,6.5,10.9,18.7,0,0,3,9.2,2,2.9,52.8,0,0,0,0,37.3,0,0
2011-12-11,7.1,7.8,13,3,4.7,30.7,10.9,7.8,28.6,33.2,3.5,0,0,31.2,34.4,19.6,11,0,27.1,0,57.8,4.4,6.2,0,0,0,3,7.1,4.9,8.8,54.7,3.2,0,0,12.2,35.2,8.7,8.7
2011-12-18,4,4.7,14,2,2.8,27.6,0,0,21.5,39.2,4.2,0,0,67.7,0,0,11.8,14.7,0,1,0,4.4,18.7,0,0,0,2,4.2,2.9,0,54.7,3.9,0,0,0,35.2,9.6,9.6
2011-12-25,4,12.4,12,5,2.8,21.5,19.9,0,0,36.2,0,0,0,0,39.9,0,0,16.4,0,1,69.1,4.4,12.5,0,0,0,5,11.3,2.9,0,60.6,0,0,0,14.5,39.3,21.2,21.2
2012-01-01,5.1,10.1,10,5,3.7,27.6,28.1,2.9,19.9,30.2,0,0,0,31.2,33.3,19.6,32.9,13,41.1,1,0,4.4,15.6,0,0,0,5,9.2,3.9,2.9,64.5,0,0,0,0,35.2,0,0
2012-01-08,6.1,10.9,11,3,4.7,30.7,17.2,5.8,30.2,33.2,3.5,0,0,29.5,63.2,18,20.4,30.2,37.8,1,0,2.2,10.9,17.3,0,0,3,9.9,4.9,5.8,66.5,3.2,0,0,0,30.2,8.7,8.7
2012-01-15,7.1,9.3,11,4,5.6,39.9,26.3,4.9,18.3,30.2,0,0,0,43.4,63.2,18.8,10.2,18.1,0,1,0,4.4,10.9,0,0,0,4,8.5,5.9,4.9,78.2,0,0,0,0,30.2,8.7,8.7
2012-01-22,7.1,12.4,11,6,7.5,39.9,30.8,4.9,54.1,27.2,0,0,0,29.5,0,18,10.2,12.1,25.5,2,26.4,4.4,12.5,0,0,0,6,11.3,7.9,3.9,80.1,0,0,8.4,0,32.2,7.7,7.7
2012-01-29,8.1,8.5,10,4,5.6,39.9,20.9,2.9,18.3,33.2,3.5,0,0,29.5,0,31.1,0,25,25.5,1,26.4,4.4,10.9,0,8.5,0,4,7.8,5.9,2.9,84.1,3.2,0,0,0,39.3,16.4,16.4
2012-02-05,7.1,11.6,13,2,9.3,36.8,31.7,2.9,55.7,33.2,3.5,0,0,59,32.2,27.8,0,37.1,25.5,2,27.7,4.4,7.8,17.3,8.5,0,2,10.6,9.8,2.9,74.3,3.2,0,0,0,40.3,8.7,8.7
2012-02-12,10.1,15.5,14,4,4.7,36.8,18.1,5.8,19.1,42.3,3.5,0,0,59,32.2,56.5,10.6,44,43.6,2,41.5,4.4,9.3,17.3,0,8.8,4,14.2,4.9,6.8,76.2,3.2,0,9.3,11.5,40.3,8.7,8.7
2012-02-19,11.1,34.1,16.1,4,16.8,46.1,25.4,15.5,19.1,48.3,4.9,0,0,60.8,33.3,50.8,10.6,55.3,26.3,3,55.3,4.4,18.7,0,22.2,12.9,4,31.1,17.7,16.5,84.1,4.5,0,17.7,11.5,42.3,8.7,8.7
2012-02-26,14.2,21,17.1,8,7.5,36.8,21.8,12.6,27.8,45.3,6.9,0,0,39.9,32.2,31.9,0,38,26.3,4,41.5,4.4,12.5,0,13,0,8,19.1,7.9,10.7,76.2,6.5,0,9.3,11.5,37.3,8.7,8.7
2012-03-04,13.1,25.6,14,11.1,16.8,39.9,32.6,9.7,38.2,42.3,4.9,0,0,59,54.3,31.9,10.6,33.7,52.6,3,27.7,6.5,18.7,0,0,0,11.1,23.4,17.7,8.8,70.4,4.5,0,0,17.6,36.2,8.7,8.7
2012-03-11,14.2,19.4,15.1,6,15.8,36.8,18.1,14.6,19.1,42.3,3.5,0,0,31.2,33.3,19.6,11,34.5,40.3,3,28.9,4.4,9.3,0,9.1,8.8,6,17.7,16.7,10.7,70.4,3.2,0,9.3,23.7,34.2,0,0
2012-03-18,12.1,21.7,12,7,9.3,36.8,33.5,9.7,39,39.2,6.9,0,0,93.7,34.4,26.2,21.9,66.5,27.1,3,44,4.4,15.6,18.7,18.9,27.3,7,19.8,9.8,9.7,68.4,6.5,0,14,48.2,30.2,8.7,8.7
2012-03-25,10.1,9.3,10,2,3.7,33.8,28.1,7.8,26.2,36.2,6.3,0,0,62.5,67.6,29.5,11,39.7,27.1,2,0,4.4,12.5,0,9.1,0,2,8.5,3.9,6.8,60.6,5.8,0,9.3,0,26.2,8.7,8.7
2012-04-01,7.1,8.5,9,4,2.8,27.6,34.5,9.7,73.2,27.2,7.6,0,0,31.2,34.4,40.1,11.4,49.2,0,2,28.9,2.2,7.8,0,0,0,4,7.8,2.9,8.8,58.6,7.1,0,0,0,26.2,0,0
2012-04-08,5.1,17.8,9,3,4.7,30.7,34.5,10.7,20.7,30.2,3.5,0,0,0,53.2,41.7,0,45.8,28,1,0,2.2,14,0,0,0,3,16.3,4.9,6.8,64.5,3.2,0,0,25.2,26.2,0,0
2012-04-15,6.1,8.5,9,2,4.7,36.8,28.1,2.9,31,33.2,3.5,0,0,29.5,32.2,18.8,0,29.4,25.5,2,0,2.2,17.1,0,0,8.8,2,7.8,4.9,2.9,64.5,3.2,0,9.3,0,24.2,0,0
2012-04-22,6.1,10.9,8,4,1.9,33.8,21.8,4.9,19.1,33.2,3.5,0,0,45.1,0,18.8,10.6,17.3,26.3,1,0,2.2,6.2,0,0,0,4,9.9,2,4.9,64.5,3.2,0,0,0,23.2,0,0
2012-04-29,4,8.5,7,2,3.7,30.7,22.7,4.9,40.6,30.2,0,0,0,0,69.8,20.5,11.4,47.5,0,1,60.3,2.2,10.9,0,9.8,0,2,7.8,3.9,4.9,62.6,0,0,0,12.2,19.1,0,0
2012-05-06,5.1,8.5,7,5,1.9,36.8,31.7,0,37.4,27.2,3.5,0,0,29.5,32.2,36.8,10.2,25,0,1,27.7,2.2,6.2,17.3,0,0,5,7.8,2,0,64.5,3.2,0,9.3,0,19.1,8.7,8.7
2012-05-13,5.1,4.7,7,2,4.7,30.7,15.4,0,33.4,27.2,0,0,0,33,0,20.5,11.4,27.6,0,0,30.2,2.2,7.8,0,0,0,2,4.2,4.9,0,66.5,0,0,0,0,23.2,0,0
2012-05-20,5.1,8.5,6,2,4.7,30.7,15.4,0,39.8,33.2,0,0,0,0,34.4,20.5,0,19.9,28,1,0,2.2,4.7,37.5,0,0,2,7.8,4.9,0,76.2,0,0,0,12.2,18.1,0,0
2012-05-27,5.1,4.7,5,0,0,43,22.7,2.9,40.6,27.2,0,0,0,31.2,0,20.5,11.4,13.8,28,0,30.2,2.2,7.8,0,0,0,0,4.2,0,3.9,76.2,0,0,0,0,17.1,0,0
2012-06-03,5.1,8.5,5,4,0,30.7,32.6,2.9,19.1,27.2,0,0,0,29.5,66.5,19.6,10.6,25.9,26.3,0,0,2.2,3.1,18,0,0,4,7.8,0,2.9,72.3,0,0,0,11.5,18.1,8.7,8.7
2012-06-10,4,6.2,6,3,0,39.9,20.9,0,43.7,33.2,0,0,0,0,32.2,0,10.6,13,26.3,1,27.7,2.2,7.8,0,0,0,3,5.7,0,2.9,78.2,0,0,9.3,11.5,18.1,0,0
2012-06-17,4,7,6,0,1.9,36.8,21.8,0,29.4,33.2,0,0,0,31.2,33.3,19.6,0,13,27.1,0,28.9,2.2,14,0,9.1,0,0,6.4,2,0,78.2,0,0,0,0,17.1,0,0
2012-06-24,5.1,9.3,6,4,0,33.8,21.8,0,31.8,30.2,0,0,0,46.9,0,19.6,0,13,27.1,0,28.9,2.2,10.9,0,0,0,4,8.5,0,2.9,68.4,0,0,0,0,18.1,0,0
2012-07-01,4,3.1,5,2,0,30.7,18.1,0,31.8,24.1,3.5,0,0,39.9,33.3,0,10.6,17.3,0,0,27.7,2.2,6.2,0,0,0,2,2.8,0,0,68.4,3.2,0,0,0,15.1,0,0
2012-07-08,5.1,12.4,6,0,0,30.7,21.8,2.9,46.9,33.2,0,3,0,59,33.3,38.5,10.6,38,0,1,27.7,2.2,7.8,0,0,0,0,11.3,0,2.9,72.3,0,0,0,0,16.1,0,0
2012-07-15,4,7.8,6,0,0,33.8,43.5,0,47.7,30.2,0,0,0,29.5,33.3,19.6,10.6,0,0,0,0,2.2,12.5,18,9.1,0,0,7.1,0,0,68.4,0,0,0,0,17.1,0,0
2012-07-22,3,10.1,5,5,0,30.7,11.8,0,20.7,27.2,0,0,0,33,0,0,23.1,19,0,0,0,2.2,7.8,0,0,0,5,9.2,0,0,62.6,0,0,0,0,16.1,0,0
2012-07-29,3,8.5,5,3,0,30.7,15.4,2.9,19.9,24.1,0,0,0,31.2,52.1,20.5,0,13,0,0,28.9,2.2,6.2,0,9.8,9.6,3,7.8,0,3.9,62.6,0,0,14,0,15.1,0,0
2012-08-05,3,14,4,2,2,34,28,3,33,26,4,0,0,38,39,44,0,15,32,0,31,2,9,0,11,0,2,13,2,3,61,0,0,0,0,14,0,0
2012-08-12,4,13,5,4,2,31,31,3,57,27,0,0,0,39,40,0,0,15,0,1,32,3,5,0,0,0,4,11,3,3,60,0,0,11,0,14,0,0
2012-08-19,3,7,5,2,0,32,30,3,22,27,0,0,0,0,77,22,18,15,0,0,0,3,7,0,0,0,2,6,0,3,61,0,0,0,0,13,0,0
2012-08-26,4,11,6,3,2,31,23,0,32,29,0,0,0,36,56,42,17,14,0,0,45,3,11,18,0,0,3,9,2,0,60,0,0,0,0,16,0,0
2012-09-02,3,14,7,2,0,35,12,7,33,28,4,0,0,75,57,43,17,24,32,0,0,4,5,0,0,10,2,12,0,7,63,4,0,10,0,23,19,19
2012-09-09,5,11,9,6,7,40,23,5,21,27,4,0,0,53,55,0,33,28,60,2,29,3,8,17,0,0,6,9,6,8,61,3,0,0,0,31,0,0
2012-09-16,6,11,11,10,7,35,45,4,41,31,0,3,0,71,36,20,16,32,45,1,29,2,10,17,0,0,10,10,7,5,61,0,0,0,0,38,19,19
2012-09-23,6,10,13,6,2,42,67,6,41,34,3,0,0,52,72,0,49,41,0,1,29,3,16,17,10,0,6,12,2,6,66,3,0,0,0,42,0,0
2012-09-30,5,12,14,5,0,51,42,3,21,38,0,3,0,54,37,0,25,32,30,1,29,3,17,0,0,0,5,13,0,3,65,0,0,10,0,47,0,0
2012-10-07,5,7,14,3,4,41,47,0,20,30,0,6,0,34,70,0,24,44,0,2,0,3,9,17,0,0,3,7,5,0,70,0,0,9,13,49,18,18
2012-10-14,7,15,17,4,4,41,51,4,40,39,0,3,0,34,52,0,32,53,87,3,0,3,10,0,10,0,4,11,4,4,77,0,0,0,0,47,9,9
2012-10-21,10,9,19,4,5,40,57,0,20,34,3,0,0,0,68,20,62,100,28,2,0,4,9,16,0,0,4,10,8,3,75,3,0,9,0,41,17,17
2012-10-28,7,5,14,4,6,37,28,3,39,31,0,0,0,33,0,57,46,45,0,1,0,2,7,21,14,0,4,5,5,3,69,0,0,9,0,41,13,13
2012-11-04,6,10,12,7,2,35,38,6,19,36,3,3,0,33,34,19,15,44,0,1,27,2,8,0,9,0,7,7,3,7,74,3,0,0,0,35,43,43
2012-11-11,8,17,12,5,9,40,49,4,29,38,7,0,0,98,67,38,0,44,28,2,40,2,14,0,9,0,5,15,7,4,70,6,0,0,0,38,9,9
2012-11-18,8,9,13,2,8,40,45,4,28,37,3,0,0,32,67,37,15,13,41,1,53,2,13,16,0,0,2,11,6,4,70,0,0,9,12,38,8,8
2012-11-25,6,6,14,4,6,40,28,3,66,36,3,3,0,32,33,0,15,25,27,1,0,1,12,16,9,0,4,5,6,4,64,3,0,0,0,38,0,0
2012-12-02,6,9,13,4,5,33,42,4,48,39,0,3,0,43,34,38,0,17,27,1,53,2,11,16,9,0,4,7,6,6,62,0,0,9,0,41,17,17
2012-12-09,6,16,15,3,3,31,15,4,37,45,0,0,0,32,66,37,30,17,40,1,0,2,8,16,0,0,3,17,3,4,60,0,0,0,0,43,0,0
2012-12-16,8,9,17,6,5,29,16,4,29,49,3,0,0,0,34,19,15,60,28,1,27,2,16,16,0,9,6,7,5,3,59,0,0,9,13,43,8,8
2012-12-23,6,18,19,9,4,14,25,5,23,49,4,0,0,39,40,45,18,46,33,1,0,2,10,0,17,0,9,11,4,5,57,4,0,11,0,49,0,0
2012-12-30,9,13,17,9,4,23,22,9,20,43,5,7,0,35,35,0,16,49,29,2,28,5,16,34,20,9,9,13,5,8,63,5,0,0,0,51,9,9
2013-01-06,11,13,17,9,13,40,29,5,35,42,4,7,0,30,46,29,0,31,38,4,37,6,20,15,9,0,9,15,15,6,66,4,0,0,11,43,12,12
2013-01-13,18,19,20,16,17,43,35,12,71,37,9,13,0,60,0,29,28,47,63,9,41,9,22,15,9,8,16,15,19,11,65,7,0,8,17,40,43,43
2013-01-20,27,36,27,23,19,44,29,18,35,42,5,18,0,30,30,52,35,35,38,12,49,15,39,15,9,24,23,31,22,20,66,6,0,22,34,50,47,47
2013-01-27,37,42,38,29,21,48,25,19,35,52,27,23,0,30,60,34,14,15,100,18,73,28,53,43,17,20,29,38,23,21,68,33,0,22,33,59,39,39
2013-02-03,46,41,46,34,33,51,55,42,27,60,24,40,0,31,31,76,29,28,39,35,84,35,54,30,15,14,34,35,37,45,72,20,0,25,40,61,56,56
2013-02-10,56,47,55,48,34,53,43,44,36,60,37,52,0,31,63,59,28,48,52,43,67,43,79,20,44,19,48,39,37,45,72,38,0,34,27,71,52,52
2013-02-17,71,35,66,60,54,66,58,46,44,64,31,100,0,60,31,41,14,12,77,74,74,34,75,37,32,43,60,31,56,54,76,32,0,61,23,70,83,83
2013-02-24,53,22,54,53,38,50,42,54,45,60,27,83,0,46,31,35,14,30,60,42,100,25,59,25,18,57,53,19,44,59,77,17,0,50,19,60,100,100
2013-03-03,38,15,40,33,34,46,33,43,45,52,33,44,0,46,32,36,0,12,39,28,25,19,27,40,24,22,33,18,37,44,75,28,0,25,27,48,49,49
2013-03-10,32,15,30,24,27,47,10,33,17,46,23,31,0,59,0,17,0,11,50,18,25,12,26,24,23,19,24,13,30,34,73,18,0,22,34,45,16,16
2013-03-17,24,12,24,16,14,40,34,29,18,41,10,29,0,76,31,17,14,12,0,9,25,10,25,0,23,14,16,9,17,26,73,9,0,22,11,44,16,16
2013-03-24,16,13,20,8,12,30,24,22,37,40,7,18,0,32,54,37,0,0,27,6,52,7,14,16,0,17,8,13,14,17,65,8,0,15,18,44,8,8
2013-03-31,14,12,18,8,9,37,30,6,37,39,7,18,0,63,49,18,15,37,0,5,26,5,16,23,18,9,8,14,9,7,66,5,0,9,12,40,0,0
2013-04-07,13,12,17,7,16,40,36,10,35,42,11,13,0,45,62,41,14,12,51,3,25,6,22,44,9,0,7,14,13,9,72,10,0,12,17,34,8,8
2013-04-14,11,12,12,4,7,42,24,6,0,35,3,10,0,0,32,36,15,12,53,2,26,4,13,38,0,9,4,13,6,7,69,3,0,9,12,27,0,0
2013-04-21,8,7,9,5,5,38,36,3,45,33,6,9,0,0,32,0,0,12,0,1,25,3,10,15,9,0,5,4,5,6,67,6,0,0,12,26,0,0
2013-04-28,5,3,8,2,3,28,24,4,38,35,0,6,0,64,49,37,15,0,0,1,26,2,9,15,28,0,2,0,3,7,66,0,0,0,0,26,0,0
2013-05-05,5,5,7,0,6,33,21,6,29,33,3,4,0,0,34,0,0,0,28,1,26,3,5,0,0,0,0,3,6,6,63,3,0,0,0,25,0,0
2013-05-12,4,4,8,3,4,36,29,3,27,37,3,6,0,31,95,0,0,0,0,1,0,2,8,15,9,0,3,4,3,3,64,3,0,0,0,25,0,0
2013-05-19,5,7,8,4,3,30,20,3,37,34,0,0,0,52,65,54,22,0,0,1,26,2,4,0,18,0,4,5,3,3,63,0,0,0,0,27,8,8
2013-05-26,6,11,7,2,4,36,16,0,36,30,0,8,0,46,42,35,14,0,0,1,25,2,8,15,0,0,2,9,3,0,61,0,0,0,0,27,0,0
2013-06-02,4,4,7,2,0,31,20,3,19,30,3,6,0,0,33,18,0,0,27,1,0,2,8,0,0,0,2,4,6,3,63,3,0,0,0,26,0,0
2013-06-09,5,8,6,5,3,35,35,3,27,31,0,0,0,52,74,18,0,0,61,1,25,2,9,15,0,0,5,9,3,3,67,0,0,0,0,22,0,0
2013-06-16,4,6,5,5,2,34,24,3,28,29,0,4,0,48,54,18,0,0,54,1,26,1,7,0,0,0,5,8,2,3,67,0,0,0,0,17,0,0
2013-06-23,4,11,5,3,0,33,29,5,45,29,0,0,0,91,0,18,0,0,0,0,0,2,10,0,0,0,3,13,4,5,71,0,0,0,0,18,0,0
2013-06-30,4,3,6,0,0,34,31,0,19,31,0,3,0,32,33,0,0,0,27,1,26,2,11,0,9,0,0,3,4,0,70,0,0,0,0,19,0,0
2013-07-07,5,8,6,3,0,34,28,3,38,36,0,4,0,0,79,19,15,0,0,0,0,1,11,16,9,9,3,7,0,0,70,0,0,9,0,18,9,9
2013-07-14,5,6,6,4,0,33,11,3,58,31,0,3,0,50,0,19,0,0,28,1,27,1,12,16,0,0,4,4,0,3,67,0,0,0,0,16,0,0
2013-07-21,3,3,5,2,4,34,11,0,29,27,0,3,0,0,0,0,0,0,0,0,27,2,9,16,0,0,2,3,3,3,68,0,0,0,0,12,0,0
2013-07-28,3,8,4,2,2,32,16,0,38,27,0,5,0,33,0,19,0,13,0,0,0,1,8,0,0,0,2,4,2,0,68,0,0,0,0,11,9,9
2013-08-04,4,4,5,3,0,31,14,4,38,28,0,4,0,0,33,28,0,0,27,0,53,1,7,0,0,0,3,4,4,6,70,0,0,0,0,11,9,9
2013-08-11,4,6,5,3,2,30,18,0,30,31,0,7,0,50,35,0,0,0,57,1,27,1,7,16,0,0,3,6,3,0,69,0,0,0,0,15,0,0
2013-08-18,4,9,6,2,2,31,59,3,38,31,3,3,0,32,100,19,15,13,0,1,0,1,6,0,0,0,2,9,3,3,70,0,0,0,0,18,0,0
2013-08-25,4,9,6,2,4,34,31,3,19,34,0,3,0,32,0,18,0,0,27,0,0,1,3,16,0,0,2,7,5,3,70,0,0,0,0,25,0,0
2013-09-01,5,6,7,2,0,35,40,3,28,35,0,0,0,32,0,27,29,0,0,0,26,1,5,31,0,0,2,4,2,3,72,0,0,0,0,27,0,0
2013-09-08,5,9,7,3,6,31,48,5,17,30,3,5,0,30,62,18,14,12,43,1,0,1,6,15,9,8,3,9,4,7,73,3,0,17,11,34,8,8
2013-09-15,5,7,9,3,4,30,45,4,27,35,3,6,0,46,63,35,14,16,0,1,0,1,9,0,9,0,3,10,3,4,70,3,0,0,0,45,8,8
2013-09-22,6,8,12,4,2,33,34,4,28,34,3,6,0,31,0,0,29,0,26,2,26,2,6,15,0,0,4,4,2,4,72,0,0,0,0,50,21,21
2013-09-29,6,8,11,5,2,26,38,4,0,32,0,6,0,32,33,18,15,0,0,1,26,2,4,16,9,9,5,9,5,4,66,0,0,9,12,58,21,21
2013-10-06,7,9,14,5,2,29,52,5,18,30,6,8,0,31,31,35,42,12,0,1,25,2,13,22,9,0,5,8,5,5,70,6,0,0,0,52,16,16
2013-10-13,7,13,12,0,4,37,39,11,18,36,3,7,0,46,31,18,21,0,26,2,0,2,5,22,9,0,0,10,4,8,70,3,0,0,0,50,32,32
2013-10-20,6,8,11,5,2,33,39,3,27,32,0,5,0,50,31,0,14,0,25,1,0,2,7,15,0,0,5,7,5,3,76,0,0,0,0,40,44,44
2013-10-27,7,8,10,5,2,30,42,3,18,30,3,6,0,30,62,17,42,12,51,1,25,2,8,15,0,0,5,7,3,3,70,3,0,8,0,36,16,16
2013-11-03,7,5,11,6,3,35,47,5,43,37,6,7,0,44,30,0,27,0,37,1,24,2,6,0,0,0,6,5,3,4,76,0,0,0,0,37,20,20
2013-11-10,7,10,11,3,4,38,38,3,60,34,3,3,0,29,31,0,14,12,50,1,24,1,6,0,0,0,3,5,4,3,72,3,0,0,0,38,8,8
2013-11-17,9,11,12,9,3,34,28,3,26,36,0,8,0,44,40,34,27,0,25,1,0,2,4,14,0,0,9,7,5,3,72,0,0,0,11,41,12,12
2013-11-24,8,8,12,5,6,37,38,3,34,34,3,2,0,29,30,34,0,0,37,1,0,1,11,14,0,8,5,7,7,3,69,3,0,0,11,43,12,12
2013-12-01,6,10,13,5,3,29,31,6,17,40,0,5,0,29,30,33,0,11,24,1,0,2,10,0,0,8,5,8,3,5,67,0,0,8,0,41,8,8
2013-12-08,7,14,13,4,7,34,52,4,34,42,6,5,0,58,30,26,14,11,50,1,24,2,13,28,0,8,4,15,6,4,70,6,0,8,0,44,8,8
2013-12-15,7,15,13,4,7,30,16,3,54,47,6,3,0,0,31,53,14,12,26,1,0,2,5,30,0,8,4,13,7,4,69,6,0,0,12,44,8,8
2013-12-22,6,9,16,5,8,17,27,10,63,47,7,5,0,73,75,35,0,0,30,1,0,1,10,0,11,0,5,9,9,10,70,7,0,10,14,45,10,10
2013-12-29,4,6,13,2,7,19,25,6,20,42,7,4,0,33,0,0,15,0,0,1,0,1,18,0,0,9,2,4,6,4,72,6,0,9,12,48,9,9
2014-01-05,8,11,11,3,6,36,21,3,33,37,6,2,0,57,58,16,0,0,24,2,0,2,13,14,0,0,3,8,8,4,80,5,0,8,0,37,23,23
2014-01-12,7,6,10,4,6,39,21,5,57,35,4,3,0,28,57,24,13,11,32,2,35,3,19,14,0,0,4,6,8,7,80,4,0,8,0,33,11,11
2014-01-19,9,18,11,6,10,40,47,8,98,39,3,3,0,55,56,27,13,0,23,1,23,3,18,0,0,7,6,18,9,7,82,3,0,8,0,37,0,0
2014-01-26,9,20,13,5,11,37,30,5,66,42,4,0,0,42,57,21,13,0,71,2,34,4,21,14,8,0,5,16,11,5,81,5,0,8,21,43,7,7
2014-02-02,12,25,14,8,13,40,28,8,26,41,6,4,0,58,45,50,27,0,24,2,24,3,23,0,0,8,8,19,11,7,85,6,0,8,0,46,8,8
2014-02-09,12,19,14,6,10,39,27,8,100,39,5,4,0,72,29,25,26,0,36,2,23,4,21,14,8,0,6,13,11,8,85,3,0,8,11,49,15,15
2014-02-16,12,14,15,8,14,34,31,10,25,58,10,4,0,29,44,33,0,0,24,3,39,4,17,28,8,12,8,15,15,11,79,5,0,16,11,48,8,8
2014-02-23,11,27,13,6,11,37,19,8,52,45,6,6,0,29,30,40,0,11,33,2,36,3,11,0,0,8,6,23,10,8,77,6,0,8,11,49,8,8
2014-03-02,12,10,14,6,12,32,10,4,27,51,8,0,0,45,62,0,14,12,38,3,25,3,11,22,13,8,6,7,12,4,79,3,0,16,11,51,0,0
2014-03-09,10,14,13,5,11,37,19,5,62,46,3,2,0,46,47,35,0,0,51,3,25,2,10,0,0,0,5,16,9,5,85,3,0,8,12,44,12,12
2014-03-16,11,15,12,7,15,37,25,8,34,48,8,2,0,58,30,17,13,0,25,3,24,3,12,28,8,15,7,12,11,9,82,8,0,8,16,43,11,11
2014-03-23,10,17,10,6,7,33,16,10,26,44,6,4,0,30,30,43,0,0,25,3,49,3,7,14,9,0,6,11,8,11,83,6,0,8,0,39,8,8
2014-03-30,10,9,11,6,8,32,45,4,44,45,5,0,0,60,62,18,0,0,77,2,49,3,12,0,9,8,6,11,6,5,79,6,0,17,11,35,8,8
2014-04-06,9,15,10,6,7,37,38,10,86,37,5,0,0,29,76,40,14,12,25,2,36,3,14,29,8,8,6,12,5,8,76,4,0,8,0,34,0,0
2014-04-13,5,9,9,5,3,32,24,5,0,36,3,0,0,0,32,18,0,0,27,1,0,2,7,0,0,0,5,8,3,6,70,3,0,9,0,31,8,8
2014-04-20,6,4,8,4,2,29,31,3,38,31,0,0,0,32,66,0,15,0,27,2,0,2,11,0,9,0,4,4,2,3,74,0,0,9,0,30,0,0
2014-04-27,4,7,7,5,0,28,19,3,26,35,3,0,0,30,31,17,0,0,25,1,0,1,12,0,0,8,5,4,0,3,70,3,0,8,0,24,0,0
2014-05-04,5,10,7,2,0,33,27,3,33,32,6,2,0,28,44,16,0,0,0,1,0,2,10,21,0,8,2,7,0,3,72,6,0,8,0,24,0,0
2014-05-11,4,4,7,2,0,36,19,3,42,34,3,2,0,39,30,0,14,0,0,0,24,1,10,21,0,0,2,2,4,3,73,3,0,0,11,30,0,0
2014-05-18,5,13,7,4,2,37,40,3,37,35,3,0,0,31,32,36,15,0,53,0,0,1,11,15,0,0,4,10,4,3,73,3,0,0,12,28,0,0
2014-05-25,4,7,6,3,2,29,25,4,39,33,0,0,0,50,34,19,15,0,28,0,54,1,8,0,0,0,3,7,2,4,74,0,0,0,0,25,0,0
2014-06-01,5,12,6,4,2,34,21,3,29,35,3,0,0,33,0,0,16,0,28,0,0,2,11,0,0,0,4,0,2,3,74,0,0,0,13,30,0,0
2014-06-08,3,11,5,3,0,29,11,0,20,29,3,3,0,35,35,20,16,0,29,0,0,2,9,0,0,0,3,10,0,0,74,3,0,0,0,20,0,0
2014-06-15,4,13,7,3,2,30,16,4,20,28,0,0,0,33,34,39,16,0,0,0,55,1,8,16,0,0,3,10,2,4,77,0,0,0,13,20,0,0
2014-06-22,4,6,6,2,0,31,26,0,57,36,3,0,0,32,49,19,0,0,27,0,0,1,4,16,0,0,2,8,0,0,75,3,0,0,0,21,9,9
2014-06-29,5,6,10,4,4,36,17,3,28,37,3,3,0,64,98,0,30,0,27,1,26,1,11,16,9,0,4,5,3,0,73,3,0,0,12,22,0,0
2014-07-06,5,10,6,4,0,37,34,4,83,39,3,0,0,63,64,18,15,0,40,0,26,1,12,0,0,0,4,10,0,4,71,0,0,9,0,20,0,0
2014-07-13,9,11,6,0,2,33,22,0,60,37,3,3,2,45,35,20,0,0,57,0,0,1,5,16,10,0,0,8,2,0,70,3,7,0,0,21,0,0
2014-07-20,6,6,6,2,0,31,35,3,19,36,0,3,0,0,34,0,15,0,0,0,27,1,9,16,0,0,2,5,0,3,73,0,3,0,0,17,0,0
2014-07-27,5,11,6,3,2,37,29,3,20,42,0,0,0,0,34,19,0,0,0,0,27,2,6,32,10,0,3,11,2,3,72,0,0,0,0,16,0,0
2014-08-03,4,7,6,2,2,38,11,3,0,43,0,0,0,71,36,0,17,14,0,1,29,1,9,0,0,0,2,6,2,3,74,0,0,0,0,17,0,0
2014-08-10,4,3,6,3,2,37,32,3,29,41,0,0,0,50,51,19,0,0,28,0,0,2,6,16,0,0,3,3,2,3,74,0,0,0,0,21,0,0
2014-08-17,5,3,7,2,4,39,28,3,48,37,0,3,0,100,34,19,0,0,28,0,27,2,8,16,0,0,2,3,4,3,77,0,0,0,0,28,9,9
2014-08-24,4,7,8,2,0,34,18,3,39,37,0,0,0,33,45,19,31,0,28,1,0,2,5,0,0,9,2,7,2,3,71,0,0,9,0,31,0,0
2014-08-31,6,12,8,4,6,37,42,3,38,35,0,3,2,33,67,38,0,0,28,1,27,2,9,16,9,0,4,12,6,3,69,0,0,0,0,35,9,9
2014-09-07,5,10,8,3,2,39,40,3,46,36,3,3,0,0,33,18,15,0,0,1,0,2,13,0,0,0,3,10,2,3,70,3,0,9,0,40,0,0
2014-09-14,5,12,10,2,2,40,48,3,37,36,0,3,0,32,49,18,29,0,54,1,0,1,10,0,0,9,2,13,2,3,68,0,0,0,0,40,9,9
2014-09-21,5,13,11,2,4,39,37,0,27,39,3,0,2,31,0,0,0,0,26,1,0,1,8,0,0,0,2,12,4,3,68,3,0,0,0,50,17,17
2014-09-28,5,10,11,5,0,39,43,3,20,47,0,0,0,33,34,0,39,0,0,1,27,2,6,16,0,0,5,8,2,3,74,0,0,0,0,54,44,44
2014-10-05,7,9,14,7,2,55,50,3,37,53,3,3,0,47,80,18,0,0,0,1,26,4,10,15,18,0,7,10,3,3,84,3,0,9,0,61,8,8
2014-10-12,8,11,15,8,4,68,30,5,18,58,6,3,0,31,32,30,14,0,53,1,38,4,13,0,9,0,8,12,3,6,86,0,0,8,0,57,16,16
2014-10-19,9,7,14,6,4,54,39,5,18,53,0,3,2,31,31,36,29,0,26,1,0,3,14,15,0,0,6,8,4,5,76,0,0,0,0,55,12,12
2014-10-26,9,10,13,4,6,51,66,5,36,40,0,0,3,31,63,18,21,0,35,1,25,2,8,30,9,8,4,10,6,5,75,0,0,17,0,53,8,8
2014-11-02,10,20,13,9,5,41,45,7,18,39,0,2,0,30,46,35,14,0,25,1,0,2,12,0,13,0,9,15,5,5,76,0,0,0,0,49,8,8
2014-11-09,7,12,13,8,4,48,45,4,62,44,3,5,0,30,62,17,0,0,26,1,24,2,7,15,0,0,8,10,3,3,79,0,0,17,0,50,8,8
2014-11-16,8,7,14,7,4,47,32,3,36,45,3,0,0,30,93,0,14,0,34,1,25,2,17,15,0,0,7,6,7,3,79,3,0,8,0,50,20,20
2014-11-23,8,10,14,6,6,45,29,5,62,38,6,2,0,30,92,35,14,0,25,1,25,2,12,0,9,0,6,11,5,4,74,6,0,8,11,50,0,0
2014-11-30,8,14,15,6,7,39,42,5,35,45,3,0,0,45,31,35,21,0,51,1,0,2,7,0,9,0,6,14,7,5,70,3,0,0,0,54,16,16
2014-12-07,8,8,16,6,3,37,16,4,52,54,6,0,2,30,0,17,0,0,25,1,24,2,7,0,9,8,6,9,4,4,73,6,0,0,0,55,8,8
2014-12-14,10,6,17,4,9,33,38,11,18,55,3,0,0,60,41,17,0,0,51,1,0,2,10,15,9,8,4,5,8,9,73,3,0,16,23,55,8,8
2014-12-21,6,10,16,6,2,16,23,9,0,49,4,3,0,49,0,0,17,0,0,1,0,1,9,18,0,10,6,11,3,8,72,0,0,20,0,57,10,10
2014-12-28,9,13,17,7,4,21,39,7,20,52,6,3,2,35,70,20,0,0,0,2,28,2,7,0,10,0,7,14,4,7,73,5,0,9,0,66,28,28
2015-01-04,13,15,17,7,7,35,54,8,33,45,4,0,5,57,58,25,26,0,24,2,31,2,15,14,8,8,7,8,8,11,76,4,0,12,21,56,15,15
2015-01-11,11,14,15,5,8,35,38,4,40,46,6,0,6,41,56,32,13,0,23,2,0,2,13,0,8,7,5,12,7,5,77,5,0,8,21,47,0,0
2015-01-18,21,25,19,14,8,45,35,17,41,51,7,2,11,56,57,48,13,21,23,3,23,2,27,20,24,0,14,26,7,19,78,4,0,11,11,54,11,11
2015-01-25,34,42,28,29,19,49,41,39,41,60,23,0,22,28,29,56,0,0,59,9,34,6,32,31,19,12,29,37,21,36,80,20,3,23,16,70,22,22
2015-02-01,50,65,39,33,29,52,66,47,41,59,18,7,24,47,44,81,20,0,60,16,23,7,36,32,43,25,33,54,32,49,79,16,0,41,25,84,53,53
2015-02-08,76,100,62,57,52,66,49,77,34,76,52,2,44,43,60,100,20,11,65,39,24,8,22,65,50,67,57,100,56,73,80,56,0,74,47,97,62,62
2015-02-15,89,63,87,100,70,65,65,100,43,87,50,2,97,29,75,62,14,0,66,86,40,9,29,52,50,83,100,62,76,100,82,45,0,85,55,100,47,47
2015-02-22,100,48,100,96,100,100,100,95,41,100,69,2,100,76,0,49,20,11,96,100,81,10,38,78,65,61,96,47,100,98,90,61,3,73,100,91,42,42
2015-03-01,69,42,64,66,69,72,61,59,84,78,33,0,68,43,88,49,20,0,72,61,70,7,35,60,52,43,66,39,75,57,84,31,0,83,49,71,54,54
2015-03-08,45,24,44,32,48,61,37,37,17,63,28,2,44,58,60,0,20,0,41,34,48,4,18,24,31,39,32,17,46,36,85,28,0,48,33,60,24,24
2015-03-15,30,21,31,24,31,49,25,26,17,59,20,2,32,43,30,25,20,11,37,18,0,4,12,42,12,26,24,23,36,20,83,22,0,24,18,52,20,20
2015-03-22,25,17,22,12,26,43,17,19,0,45,12,0,23,62,80,18,0,0,52,12,25,3,11,30,18,11,12,14,27,17,79,10,0,17,18,47,17,17
2015-03-29,13,10,17,6,16,30,22,9,18,33,8,2,14,0,62,0,0,0,26,5,0,2,10,0,9,8,6,11,18,7,72,10,0,8,11,44,0,0
2015-04-05,9,9,16,9,9,32,31,7,75,36,7,0,12,0,49,0,30,0,27,5,0,1,9,16,9,9,9,9,10,7,78,8,0,0,12,44,0,0
2015-04-12,10,10,14,6,8,37,41,11,43,44,4,0,5,40,61,23,14,0,0,2,25,2,7,14,0,0,6,6,7,11,77,6,0,8,0,32,0,0
2015-04-19,10,10,11,3,4,42,29,9,35,33,5,2,8,30,31,17,14,0,25,2,24,2,10,0,9,8,3,12,5,6,76,4,0,8,22,29,0,0
2015-04-26,7,11,10,6,5,34,29,9,35,32,4,0,3,0,61,0,0,0,25,1,0,1,9,0,17,8,6,11,5,11,73,6,0,8,0,30,0,0
2015-05-03,7,9,10,4,8,38,27,3,17,35,3,0,3,29,49,0,13,0,36,1,35,1,7,14,0,8,4,7,6,4,74,3,0,0,0,29,8,8
2015-05-10,5,8,8,3,8,33,30,5,27,31,3,0,4,62,32,36,14,0,0,1,0,0,6,15,9,17,3,9,5,5,72,3,0,0,0,30,8,8
2015-05-17,6,11,9,4,4,35,28,3,51,34,0,0,5,39,44,0,0,11,25,1,24,1,7,14,0,0,4,12,7,8,73,0,0,8,0,30,0,0
2015-05-24,5,11,8,3,2,34,25,5,17,29,0,2,5,74,46,17,0,0,0,1,24,1,7,14,9,0,3,12,2,4,73,0,0,0,11,30,0,0
2015-05-31,6,5,7,9,2,35,20,5,36,33,3,3,6,41,42,18,14,0,26,1,50,1,5,0,0,0,9,3,2,5,72,3,0,0,0,29,8,8
2015-06-07,6,9,7,7,4,39,19,3,51,38,0,0,3,39,30,17,0,0,73,1,24,1,10,0,0,0,7,10,5,3,77,0,0,0,0,23,16,16
2015-06-14,6,9,6,2,4,41,15,0,33,35,0,0,4,0,29,25,0,0,24,0,0,1,12,0,0,0,2,5,5,0,78,0,0,8,0,23,0,0
2015-06-21,5,15,6,3,5,37,12,6,25,33,0,0,2,29,29,28,26,0,60,1,47,1,15,14,0,0,3,15,6,8,73,0,0,0,0,27,0,0
2015-06-28,4,7,6,3,4,37,39,3,27,33,0,0,4,0,63,18,0,12,0,1,50,4,8,0,0,0,3,8,4,3,70,0,0,0,0,24,8,8
2015-07-05,5,5,5,2,4,36,25,0,77,35,0,0,4,49,30,17,14,0,0,1,24,2,4,0,8,0,2,6,4,3,72,0,0,0,0,18,0,0
2015-07-12,4,5,6,2,2,36,25,0,52,34,0,2,2,29,60,43,0,0,25,0,24,1,3,14,8,0,2,4,2,0,73,0,0,0,0,19,0,0
2015-07-19,4,6,6,2,2,36,26,3,35,34,0,0,0,30,47,0,0,0,25,1,49,2,6,0,9,0,2,5,2,3,72,0,0,0,0,18,0,0
2015-07-26,4,7,6,2,0,36,26,3,27,32,0,0,2,62,94,0,14,0,0,1,0,1,7,15,9,0,2,3,0,3,70,0,0,0,12,21,0,0
2015-08-02,4,3,5,3,4,32,37,3,28,31,3,0,4,48,81,0,15,0,0,1,0,1,4,0,0,0,3,3,4,3,68,0,0,9,0,19,0,0
2015-08-09,3,9,5,2,2,29,23,3,36,29,3,0,4,62,42,18,14,0,26,0,0,1,4,0,9,0,2,10,2,0,70,3,0,0,0,16,0,0
2015-08-16,4,4,6,3,2,32,13,3,36,30,0,0,2,31,32,18,0,0,26,1,25,1,5,15,0,0,3,3,3,3,70,0,0,0,0,20,0,0
2015-08-23,4,7,6,0,0,33,26,3,27,28,0,0,4,46,47,18,36,0,26,1,0,1,8,15,0,0,0,8,0,3,72,0,3,8,0,25,0,0
2015-08-30,4,8,6,3,2,33,29,0,18,34,3,0,4,30,31,26,0,0,0,1,25,2,6,0,0,0,3,6,2,5,75,3,0,0,0,29,0,0
2015-09-06,5,6,9,2,2,34,32,5,44,33,3,0,3,30,51,0,21,0,0,1,0,2,6,15,0,0,2,6,2,5,73,3,0,8,11,47,20,20
2015-09-13,6,7,10,5,5,38,46,3,25,34,3,0,9,0,59,17,20,0,24,1,0,1,6,14,8,0,5,8,6,4,74,3,4,0,0,53,16,16
2015-09-20,5,9,13,3,2,40,23,3,17,33,3,0,4,29,0,17,13,0,49,2,24,0,5,0,0,0,3,5,2,3,73,3,3,0,0,68,0,0
2015-09-27,7,5,15,4,2,38,41,4,17,34,0,2,6,29,30,34,34,0,25,2,0,1,5,14,0,0,4,4,2,4,72,0,3,0,0,74,24,24
2015-10-04,8,11,15,8,4,43,40,3,17,36,0,2,13,29,44,16,100,0,24,3,23,1,7,0,8,0,8,13,4,3,75,0,3,16,0,71,27,27
2015-10-11,8,12,15,8,5,43,52,4,25,34,0,0,10,0,29,16,33,0,24,3,0,1,7,21,0,8,8,12,6,4,76,0,0,8,0,72,19,19
2015-10-18,8,7,15,8,4,38,70,8,16,36,0,0,6,38,44,17,13,0,24,2,24,1,4,14,8,0,8,6,6,8,78,0,3,0,0,61,8,8
2015-10-25,6,11,14,6,5,40,64,6,17,33,3,0,9,29,49,17,40,0,24,1,24,1,12,28,8,0,6,8,4,5,80,0,3,8,11,54,35,35
2015-11-01,7,6,13,7,6,43,52,3,59,38,0,2,3,71,0,33,33,0,24,2,23,1,9,14,8,0,7,7,6,3,82,0,0,0,0,50,8,8
2015-11-08,7,6,12,4,4,40,51,7,33,35,3,0,5,28,43,16,13,0,24,1,23,1,6,0,0,0,4,6,5,7,85,3,3,0,11,42,0,0
2015-11-15,7,13,11,5,6,39,63,2,41,41,4,0,6,47,43,24,26,0,0,1,23,1,8,20,0,8,5,12,6,3,82,5,0,8,0,41,8,8
2015-11-22,8,12,12,4,5,42,49,3,42,43,3,0,4,67,59,0,27,0,24,0,24,2,8,35,12,0,4,9,6,3,74,3,0,0,0,45,8,8
2015-11-29,7,15,12,3,4,35,30,5,49,49,6,0,4,28,58,22,0,0,36,1,23,1,7,14,0,0,3,14,5,4,75,5,0,8,11,47,0,0
2015-12-06,8,14,13,6,5,41,21,15,25,46,3,0,3,56,29,16,0,0,0,1,0,4,14,27,16,8,6,16,4,7,75,3,3,0,0,53,8,8
2015-12-13,9,17,14,6,7,31,22,9,26,53,3,2,5,29,30,34,20,0,49,2,24,2,9,0,8,0,6,18,8,12,78,3,0,0,0,56,8,8
2015-12-20,5,10,15,4,4,23,22,5,20,54,4,0,4,0,0,20,0,0,0,1,0,2,5,0,0,0,4,9,5,6,77,3,0,0,13,57,0,0
2015-12-27,6,13,13,8,2,20,14,8,39,39,3,3,2,33,68,0,15,0,0,2,27,1,11,0,0,0,8,12,2,10,74,3,3,0,0,64,9,9
2016-01-03,7,9,14,4,10,29,31,5,23,34,3,0,4,52,40,15,12,0,44,2,21,4,15,13,7,0,4,9,10,2,77,2,7,0,20,60,0,0
2016-01-10,10,10,14,5,6,38,30,8,45,38,3,2,2,26,35,20,24,0,33,3,21,5,19,13,7,7,5,10,8,7,78,4,11,7,19,53,0,0
2016-01-17,12,25,16,6,17,40,31,5,31,38,5,0,0,79,27,46,12,0,34,4,22,5,26,26,8,14,6,26,20,5,80,5,10,14,10,60,11,11
2016-01-24,20,26,21,11,21,40,30,11,46,40,6,0,3,26,27,35,24,10,22,5,21,10,27,19,7,12,11,21,21,8,88,5,25,14,10,64,14,14
2016-01-31,26,28,22,19,20,43,37,14,94,45,5,0,3,44,27,26,0,0,45,8,22,10,26,30,8,7,19,25,21,14,90,6,26,12,30,70,7,7
2016-02-07,26,31,28,17,19,41,31,18,53,43,13,0,2,26,27,30,24,10,22,12,21,20,65,13,15,14,17,28,22,18,92,12,47,19,20,71,39,39
2016-02-14,35,25,38,30,28,50,50,34,46,53,9,0,5,53,45,30,30,0,22,25,36,100,100,26,30,23,30,24,33,33,98,10,46,36,16,74,78,78
2016-02-21,42,31,38,28,28,41,59,28,39,59,30,2,2,26,54,61,24,0,37,27,65,71,90,43,13,39,28,24,27,33,100,28,75,43,60,70,21,21
2016-02-28,48,41,41,37,30,44,39,42,46,58,27,0,5,35,67,50,12,0,44,27,57,57,64,34,50,33,37,36,36,42,94,21,75,45,33,71,56,56
2016-03-06,53,53,43,45,27,44,51,46,39,54,33,0,6,93,27,41,12,0,23,25,58,47,51,56,38,29,45,43,32,43,95,32,78,29,60,72,18,18
2016-03-13,55,50,42,41,22,36,55,54,40,57,41,0,5,27,56,42,13,11,38,24,52,39,46,48,31,36,41,37,24,54,92,36,100,57,41,70,30,30
2016-03-20,43,42,38,35,10,29,44,35,33,52,38,2,3,46,43,37,39,0,59,13,38,26,29,49,32,30,35,32,13,36,86,34,55,46,45,65,23,23
2016-03-27,40,30,29,25,10,29,27,28,65,42,32,0,2,70,29,38,13,0,32,7,58,18,36,21,19,27,25,25,11,29,96,30,48,36,36,56,19,19
2016-04-03,25,15,20,17,10,34,53,15,40,37,17,2,0,46,38,16,26,0,47,4,52,11,26,27,8,27,17,14,10,14,92,17,18,25,17,39,15,15
2016-04-10,15,12,14,9,8,38,40,9,16,37,3,2,0,36,96,21,25,10,45,2,0,8,21,22,0,14,9,9,7,9,90,3,14,7,10,36,0,0
2016-04-17,12,15,13,6,3,40,35,5,32,35,3,0,2,55,37,16,0,0,38,2,30,5,14,13,8,7,6,15,3,4,87,3,19,15,0,37,0,0
2016-04-24,9,9,11,6,2,36,25,6,31,29,4,0,2,35,67,0,0,0,22,2,43,4,12,13,15,14,6,9,2,9,80,4,5,7,10,42,7,7
2016-05-01,8,7,10,6,2,30,22,9,70,36,6,0,0,40,92,0,14,0,51,1,0,3,7,29,9,8,6,7,4,9,78,3,4,8,0,41,0,0
2016-05-08,6,3,8,3,2,35,50,7,16,39,8,0,0,42,57,0,13,0,35,1,0,3,10,13,8,0,3,2,2,6,79,0,9,8,21,31,0,0
2016-05-15,6,15,7,2,4,30,21,5,33,29,0,2,2,0,38,16,20,0,24,1,23,2,15,0,8,0,2,19,4,5,79,0,9,0,11,29,0,0
2016-05-22,5,9,7,3,2,32,21,9,33,34,3,0,0,57,58,22,13,0,24,1,23,2,9,14,8,0,3,12,2,9,82,3,7,0,0,25,0,0
2016-05-29,6,8,6,2,3,33,17,5,39,37,3,0,2,27,55,16,12,0,23,0,0,2,10,0,15,0,2,10,4,4,80,3,6,0,10,23,7,7
2016-06-05,5,11,6,2,0,32,35,2,16,31,0,0,4,28,42,24,26,0,23,1,23,1,8,0,8,0,2,14,2,2,78,0,5,0,0,23,0,0
2016-06-12,4,9,7,3,3,34,22,0,31,30,3,0,0,53,27,23,12,0,22,1,32,2,8,13,8,7,3,9,3,0,76,2,4,7,0,25,0,0
2016-06-19,5,6,8,4,2,27,23,2,48,41,0,0,0,27,28,16,0,0,23,1,0,1,11,13,0,0,4,6,2,2,77,0,4,0,0,26,7,7
2016-06-26,5,7,7,3,0,30,23,4,24,37,5,0,2,27,28,0,0,0,23,1,22,2,8,13,16,0,3,7,4,5,75,0,11,0,10,26,0,0
2016-07-03,5,6,7,3,0,33,31,5,26,33,3,0,0,29,59,17,0,0,49,0,0,1,6,14,0,0,3,6,2,5,77,0,5,0,11,30,0,0
2016-07-10,4,8,7,3,0,31,21,3,33,39,0,0,2,28,39,16,20,0,24,1,23,1,5,28,0,0,3,7,6,3,85,0,3,8,0,25,0,0
2016-07-17,5,12,6,2,3,33,28,3,34,31,0,0,2,44,60,17,14,0,25,1,24,2,8,14,17,0,2,10,3,3,79,0,4,0,0,22,0,0
2016-07-24,5,6,6,2,2,30,22,3,52,32,0,0,0,39,61,26,14,0,50,1,48,1,6,14,0,0,2,5,2,3,79,0,3,0,0,19,8,8
2016-07-31,4,4,6,5,3,27,32,7,26,30,3,0,2,0,51,35,14,0,0,1,25,1,2,15,9,0,5,4,3,7,77,3,5,0,0,21,8,8
2016-08-07,4,6,6,2,0,28,20,0,37,30,0,0,0,47,32,27,0,0,0,1,0,0,3,0,0,0,2,5,0,0,73,0,6,0,0,25,0,0
2016-08-14,4,9,7,2,2,28,28,0,28,31,3,0,0,32,33,19,15,0,27,1,0,1,5,24,0,0,2,8,2,0,68,0,0,0,12,25,0,0
2016-08-21,4,10,7,2,3,30,37,3,55,30,0,0,0,0,32,0,30,0,26,0,0,1,5,15,0,0,2,11,3,3,72,0,5,0,0,27,0,0
2016-08-28,4,8,8,2,4,30,39,0,53,34,6,3,2,46,41,17,28,0,34,0,25,1,3,15,0,0,2,6,3,0,76,6,6,0,0,25,0,0
2016-09-04,5,5,7,3,3,29,38,3,34,27,3,2,0,30,46,17,14,0,25,0,24,1,7,0,0,0,3,4,3,3,76,3,5,0,11,28,0,0
2016-09-11,5,6,8,3,5,31,28,3,69,29,3,2,0,29,30,17,13,0,49,1,0,1,9,0,8,0,3,5,6,4,72,3,5,0,0,30,8,8
2016-09-18,7,4,10,5,5,33,53,5,17,35,0,0,2,29,30,0,41,11,25,1,0,1,11,14,0,8,5,2,5,0,72,0,6,8,0,45,12,12
2016-09-25,7,10,12,4,2,32,44,3,43,34,3,0,0,39,30,17,41,0,25,1,0,2,10,36,8,0,4,10,4,3,72,3,7,0,0,57,24,24
2016-10-02,6,13,14,4,4,27,47,3,34,34,3,0,4,0,30,34,41,0,0,2,0,2,8,14,8,0,4,11,3,5,68,3,11,8,0,70,8,8
2016-10-09,8,9,16,3,4,33,61,5,17,40,3,0,2,57,59,16,26,0,24,3,0,1,7,0,8,0,3,6,5,5,72,3,7,0,0,79,19,19
2016-10-16,8,9,17,4,6,35,60,2,33,37,3,2,2,42,72,16,26,0,0,4,23,2,5,14,8,0,4,11,7,2,73,3,11,8,0,75,27,27
2016-10-23,8,9,17,4,4,37,72,3,49,42,6,0,0,42,67,41,39,0,48,3,23,1,9,14,0,7,4,9,5,3,73,5,9,0,11,68,23,23
2016-10-30,8,9,17,6,4,33,45,5,25,43,3,0,2,28,43,0,39,0,24,3,0,1,5,14,8,8,6,7,6,5,72,3,6,8,0,63,50,50
2016-11-06,11,18,18,6,10,37,47,7,16,43,3,0,2,37,56,21,26,0,47,2,23,2,11,13,8,0,6,16,10,7,74,3,9,7,21,62,0,0
2016-11-13,10,13,20,6,8,35,64,5,72,51,3,0,0,0,42,16,13,0,92,2,23,2,7,13,8,0,6,13,8,7,82,0,5,0,10,60,7,7
2016-11-20,9,8,19,8,10,38,44,12,16,51,3,0,0,41,57,16,19,0,23,2,23,2,11,20,12,7,8,6,11,11,85,3,8,8,0,55,19,19
2016-11-27,10,18,20,5,6,32,47,5,24,58,3,0,0,27,47,21,13,0,47,1,0,1,5,13,8,0,5,13,7,5,82,3,8,8,10,59,22,22
2016-12-04,9,14,21,5,13,36,32,7,48,69,5,0,0,36,83,31,38,0,23,3,0,2,7,20,8,14,5,11,11,6,82,5,7,7,15,64,11,11
2016-12-11,14,11,23,7,7,36,57,8,16,76,5,0,2,81,27,0,25,0,0,2,0,2,10,0,8,18,7,12,8,8,84,5,14,15,17,64,15,15
2016-12-18,14,15,24,8,10,33,47,4,51,83,4,0,2,0,30,42,0,0,25,2,24,2,5,28,17,16,8,17,9,5,78,3,9,21,0,71,16,16
2016-12-25,14,18,25,11,23,25,20,9,18,82,7,0,0,0,32,36,14,0,26,3,26,2,3,15,12,14,11,15,18,8,80,4,11,22,12,84,0,0
2017-01-01,21,22,24,14,12,37,34,9,31,57,10,0,0,45,28,31,25,10,56,8,22,1,4,20,8,12,14,19,15,10,83,11,6,24,10,81,7,7
2017-01-08,33,34,29,20,35,47,52,25,30,55,14,2,2,25,61,66,12,0,43,24,31,2,11,37,17,11,20,20,33,23,81,16,11,16,26,70,14,14
2017-01-15,43,54,33,20,36,47,74,34,23,56,18,0,2,34,35,94,12,0,51,34,21,3,9,25,35,32,20,47,41,33,83,17,10,24,29,72,11,11
2017-01-22,59,43,38,42,31,46,82,40,30,68,62,0,2,34,35,79,24,10,65,26,21,4,11,58,37,57,42,36,36,40,88,59,9,80,68,86,14,14
2017-01-29,80,58,55,53,37,56,65,54,45,66,80,2,3,42,39,93,12,0,65,29,21,5,11,33,100,100,53,57,44,58,90,73,9,100,80,95,24,24
2017-02-05,100,51,69,72,56,62,74,88,15,78,100,0,3,26,53,84,36,0,72,49,63,5,13,100,86,87,72,49,58,92,96,100,12,89,87,95,32,32
2017-02-12,77,43,52,55,50,53,66,73,53,61,62,0,2,39,35,85,12,0,88,29,21,9,14,71,74,51,55,44,55,71,92,57,11,78,62,87,18,18
2017-02-19,55,37,40,34,37,46,44,37,30,58,57,0,2,77,26,64,30,0,72,14,42,4,12,50,47,34,34,39,40,37,86,52,3,68,45,76,7,7
2017-02-26,33,20,27,25,24,39,24,33,15,50,16,0,0,42,26,49,0,0,29,9,0,3,6,45,49,29,25,16,23,35,83,15,5,39,29,64,0,0
2017-03-05,22,14,20,11,12,44,41,17,52,46,11,0,0,25,35,22,0,0,32,6,0,2,11,16,22,14,11,7,12,19,81,9,3,23,19,56,7,7
2017-03-12,17,19,16,10,4,37,30,8,45,45,5,2,0,52,62,35,24,0,29,4,32,1,6,17,20,14,10,13,5,10,80,0,8,21,10,50,14,14
2017-03-19,12,10,13,6,11,34,25,11,53,39,3,0,2,60,53,15,0,0,43,4,0,1,3,13,11,9,6,9,15,11,85,2,8,9,15,46,7,7
2017-03-26,11,13,11,6,3,35,32,9,48,38,3,0,0,55,42,31,13,0,23,2,33,1,7,13,12,7,6,14,3,7,81,0,0,23,0,40,0,0
2017-04-02,9,7,9,6,4,34,21,7,39,37,3,0,0,27,27,23,12,0,23,1,22,1,8,22,13,0,6,6,4,7,82,3,3,0,10,37,0,0
2017-04-09,8,8,9,3,2,27,20,9,16,39,3,0,2,46,47,0,0,0,23,2,22,1,8,13,16,0,3,7,3,9,78,3,0,0,0,36,0,0
2017-04-16,8,5,8,3,3,27,17,5,54,36,0,0,0,44,0,0,0,10,89,2,0,1,7,0,8,0,3,7,3,5,80,0,0,0,0,38,0,0
2017-04-23,7,7,9,5,6,32,25,4,15,35,3,0,0,34,61,22,12,0,0,1,21,1,7,12,7,0,5,7,5,3,83,2,3,7,0,35,0,0
2017-04-30,10,2,9,3,2,31,25,4,38,36,3,2,0,39,27,15,0,0,22,1,0,1,7,13,0,0,3,2,2,4,78,0,3,0,10,35,0,0
2017-05-07,7,6,9,2,2,36,22,6,38,36,3,0,2,0,40,15,24,0,22,1,42,1,6,19,7,0,2,4,2,5,81,2,5,7,0,36,0,0
2017-05-14,11,10,8,4,3,32,17,7,63,39,3,0,0,36,28,0,25,0,23,1,22,1,9,22,0,0,4,7,4,6,79,0,0,7,10,31,0,0
2017-05-21,7,5,7,3,2,29,22,4,85,39,3,0,0,29,90,17,20,0,0,1,24,1,5,0,8,0,3,4,2,4,79,3,3,8,0,29,0,0
2017-05-28,5,4,6,2,3,31,20,5,16,38,0,0,0,27,56,31,0,0,0,1,0,1,5,13,8,0,2,5,2,4,77,0,3,7,0,22,0,0
2017-06-04,5,9,6,3,3,34,26,4,16,31,3,0,0,41,46,16,13,0,0,1,22,1,5,26,0,15,3,11,4,4,75,3,3,0,0,23,0,0
2017-06-11,5,9,5,3,2,26,23,2,0,30,3,0,0,28,57,16,0,0,31,1,22,1,3,0,16,0,3,10,2,0,76,0,0,0,0,22,0,0
2017-06-18,4,7,5,3,0,33,25,5,23,36,3,0,0,26,36,0,12,10,22,0,0,1,8,13,0,0,3,7,2,4,78,0,0,7,0,19,0,0
2017-06-25,7,9,5,2,2,30,17,2,15,35,0,2,0,26,40,15,24,0,0,0,0,1,3,17,0,0,2,10,2,2,80,0,0,0,0,20,0,0
2017-07-02,5,8,6,2,3,31,18,5,16,35,0,0,0,55,56,32,0,0,23,1,0,0,11,13,0,0,2,7,4,4,77,0,0,7,10,24,0,0
2017-07-09,6,8,6,2,2,32,20,2,55,35,0,0,0,27,28,16,25,0,23,1,44,1,7,13,0,0,2,10,2,2,78,0,3,0,0,25,0,0
2017-07-16,5,10,6,2,2,30,23,3,24,36,3,0,0,27,28,24,0,0,38,0,0,1,3,13,8,0,2,9,2,3,77,3,3,7,0,27,0,0
2017-07-23,6,6,7,4,2,31,25,4,0,32,3,0,0,52,40,15,0,0,0,0,0,1,4,0,8,0,4,5,2,5,76,0,0,0,0,27,0,0
2017-07-30,5,6,6,1,2,31,22,5,15,28,0,0,0,39,27,23,24,0,0,0,0,1,8,13,0,0,1,8,2,2,76,0,3,7,0,22,0,0
